date,dayofweek,daytype,special_event,rn_fit,rn_git,rn_corp,adr_fit,adr_git,adr_corp,rev_fit,rev_git,rev_corp,rn_ttl,adr_ttl,rev_ttl,occ
2023/1/1,Sun,holiday,,227 ,11 ,2 ,12956 ,8190 ,2028 ,2940985 ,90089 ,4055 ,240 ,12646 ,3035128 ,83 
2023/1/2,Mon,peak,,114 ,1 ,7 ,5292 ,5356 ,1905 ,603342 ,5356 ,13335 ,122 ,5099 ,622033 ,42 
2023/1/3,Tue,weekday,,59 ,8 ,11 ,3840 ,2361 ,2448 ,226576 ,18892 ,26925 ,78 ,3492 ,272393 ,27 
2023/1/4,Wed,weekday,,59 ,0 ,15 ,3846 ,0 ,2486 ,226924 ,0 ,37296 ,74 ,3571 ,264220 ,25 
2023/1/5,Thu,weekday,,62 ,70 ,17 ,4371 ,1939 ,1818 ,271014 ,135750 ,30910 ,149 ,2937 ,437674 ,51 
2023/1/6,Fri,peak,neg,75 ,89 ,31 ,5312 ,2876 ,4727 ,398363 ,255979 ,146535 ,195 ,4107 ,800876 ,67 
2023/1/7,Sat,peak,neg,131 ,40 ,4 ,8072 ,4574 ,1759 ,1057484 ,182980 ,7035 ,175 ,7129 ,1247499 ,60 
2023/1/8,Sun,peak,,129 ,0 ,20 ,4457 ,4812 ,2667 ,574898 ,0 ,53344 ,149 ,4216 ,628242 ,51 
2023/1/9,Mon,weekday,,101 ,1 ,35 ,4362 ,3690 ,2587 ,440529 ,3690 ,90529 ,137 ,3903 ,534748 ,47 
2023/1/10,Tue,weekday,,65 ,9 ,36 ,3128 ,2454 ,2444 ,203333 ,22086 ,87967 ,110 ,2849 ,313386 ,38 
2023/1/11,Wed,weekday,,68 ,0 ,35 ,3317 ,0 ,2189 ,225535 ,0 ,76626 ,103 ,2934 ,302160 ,35 
2023/1/12,Thu,weekday,,125 ,38 ,32 ,4027 ,2522 ,2502 ,503358 ,95833 ,80049 ,195 ,3483 ,679240 ,67 
2023/1/13,Fri,peak,,196 ,4 ,15 ,4188 ,5301 ,2376 ,820763 ,21205 ,35644 ,215 ,4082 ,877612 ,74 
2023/1/14,Sat,peak,,182 ,43 ,10 ,7556 ,7398 ,2700 ,1375231 ,318093 ,27004 ,235 ,7321 ,1720328 ,81 
2023/1/15,Sun,peak,,151 ,8 ,16 ,5696 ,5848 ,2109 ,860145 ,46782 ,33744 ,175 ,5375 ,940670 ,60 
2023/1/16,Mon,weekday,,52 ,116 ,27 ,4668 ,2003 ,2043 ,242735 ,232399 ,55170 ,195 ,2720 ,530304 ,67 
2023/1/17,Tue,weekday,,114 ,95 ,22 ,4732 ,1524 ,1716 ,539482 ,144818 ,37761 ,231 ,3126 ,722062 ,80 
2023/1/18,Wed,weekday,,114 ,67 ,17 ,4080 ,2092 ,2534 ,465079 ,140175 ,43074 ,198 ,3274 ,648328 ,68 
2023/1/19,Thu,peak,,173 ,2 ,5 ,5652 ,5080 ,2469 ,977766 ,10161 ,12345 ,180 ,5557 ,1000272 ,62 
2023/1/20,Fri,holiday,,131 ,2 ,4 ,8601 ,23542 ,2620 ,1126695 ,47085 ,10480 ,137 ,8644 ,1184259 ,47 
2023/1/21,Sat,holiday,,158 ,2 ,3 ,11755 ,15170 ,1393 ,1857256 ,30339 ,4180 ,163 ,11606 ,1891775 ,56 
2023/1/22,Sun,holiday,,247 ,0 ,3 ,10655 ,0 ,1547 ,2631854 ,0 ,4640 ,250 ,10546 ,2636494 ,86 
2023/1/23,Mon,holiday,,186 ,8 ,3 ,15309 ,7427 ,1475 ,2847544 ,59413 ,4424 ,197 ,14779 ,2911380 ,68 
2023/1/24,Tue,holiday,,193 ,18 ,3 ,13499 ,7997 ,1551 ,2605239 ,143955 ,4654 ,214 ,12868 ,2753848 ,74 
2023/1/25,Wed,holiday,,206 ,15 ,4 ,12942 ,8645 ,1865 ,2666071 ,129677 ,7459 ,225 ,12459 ,2803208 ,78 
2023/1/26,Thu,holiday,,231 ,2 ,9 ,12456 ,19585 ,2543 ,2877316 ,39169 ,22885 ,242 ,12146 ,2939370 ,83 
2023/1/27,Fri,holiday,,224 ,7 ,8 ,10001 ,7554 ,1806 ,2240125 ,52880 ,14446 ,239 ,9655 ,2307451 ,82 
2023/1/28,Sat,holiday,,183 ,0 ,8 ,10759 ,0 ,2164 ,1968883 ,0 ,17312 ,191 ,10399 ,1986195 ,66 
2023/1/29,Sun,peak,pos,164 ,1 ,19 ,7220 ,5409 ,2534 ,1184004 ,5409 ,48154 ,184 ,6726 ,1237567 ,63 
2023/1/30,Mon,weekday,pos,241 ,5 ,27 ,5741 ,4879 ,2651 ,1383557 ,24394 ,71567 ,273 ,5419 ,1479518 ,94 
2023/1/31,Tue,weekday,pos,144 ,51 ,23 ,6026 ,2379 ,2138 ,867695 ,121342 ,49171 ,218 ,4762 ,1038208 ,75 
2023/2/1,Wed,weekday,pos,131 ,77 ,31 ,5363 ,6794 ,2762 ,702555 ,523107 ,85619 ,239 ,5487 ,1311281 ,82 
2023/2/2,Thu,weekday,pos,154 ,24 ,26 ,4867 ,1970 ,2858 ,749508 ,47292 ,74311 ,204 ,4270 ,871111 ,70 
2023/2/3,Fri,peak,pos,208 ,9 ,66 ,6131 ,2551 ,4339 ,1275171 ,22962 ,286374 ,283 ,5599 ,1584507 ,97 
2023/2/4,Sat,peak,pos,217 ,22 ,32 ,7717 ,3403 ,4269 ,1674635 ,74856 ,136593 ,271 ,6960 ,1886084 ,93 
2023/2/5,Sun,peak,pos,184 ,4 ,20 ,7093 ,4855 ,2460 ,1305172 ,19422 ,49202 ,208 ,6605 ,1373796 ,72 
2023/2/6,Mon,weekday,pos,208 ,30 ,39 ,6021 ,2878 ,2268 ,1252419 ,86350 ,88467 ,277 ,5152 ,1427236 ,95 
2023/2/7,Tue,weekday,pos,192 ,25 ,57 ,6121 ,3189 ,3206 ,1175255 ,79730 ,182718 ,274 ,5247 ,1437703 ,94 
2023/2/8,Wed,weekday,pos,163 ,8 ,55 ,4828 ,2712 ,2365 ,786934 ,21695 ,130059 ,226 ,4153 ,938689 ,78 
2023/2/9,Thu,weekday,pos,195 ,48 ,39 ,5081 ,2491 ,2580 ,990892 ,119566 ,100616 ,282 ,4295 ,1211074 ,97 
2023/2/10,Fri,peak,pos,180 ,70 ,25 ,6603 ,2600 ,3179 ,1188464 ,182007 ,79468 ,275 ,5273 ,1449940 ,95 
2023/2/11,Sat,peak,pos,209 ,36 ,31 ,8358 ,5836 ,5122 ,1746846 ,210084 ,158792 ,276 ,7666 ,2115722 ,95 
2023/2/12,Sun,peak,,131 ,12 ,22 ,5654 ,3167 ,2478 ,740646 ,38008 ,54508 ,165 ,5049 ,833162 ,57 
2023/2/13,Mon,weekday,,85 ,28 ,31 ,4289 ,2845 ,2733 ,364591 ,79662 ,84730 ,144 ,3673 ,528982 ,50 
2023/2/14,Tue,weekday,,84 ,11 ,36 ,3587 ,2704 ,2059 ,301296 ,29748 ,74119 ,131 ,3093 ,405162 ,45 
2023/2/15,Wed,weekday,,64 ,0 ,165 ,4682 ,0 ,5358 ,299650 ,0 ,884019 ,229 ,5169 ,1183669 ,79 
2023/2/16,Thu,weekday,,82 ,115 ,35 ,3879 ,2875 ,3205 ,318081 ,330664 ,112174 ,232 ,3280 ,760920 ,80 
2023/2/17,Fri,peak,neg,101 ,120 ,30 ,5577 ,2757 ,2683 ,563243 ,330864 ,80499 ,251 ,3883 ,974606 ,86 
2023/2/18,Sat,peak,neg,151 ,43 ,22 ,6860 ,2471 ,2850 ,1035794 ,106247 ,62694 ,216 ,5577 ,1204734 ,74 
2023/2/19,Sun,peak,,126 ,10 ,18 ,4625 ,3382 ,2765 ,582690 ,33816 ,49778 ,154 ,4327 ,666284 ,53 
2023/2/20,Mon,weekday,,94 ,81 ,99 ,3811 ,1831 ,3967 ,358240 ,148291 ,392741 ,274 ,3282 ,899272 ,94 
2023/2/21,Tue,weekday,,75 ,45 ,46 ,3974 ,2106 ,3235 ,298061 ,94757 ,148795 ,166 ,3263 ,541612 ,57 
2023/2/22,Wed,weekday,,87 ,108 ,62 ,5118 ,2793 ,2712 ,445240 ,301634 ,168170 ,257 ,3560 ,915044 ,89 
2023/2/23,Thu,weekday,,88 ,72 ,85 ,3682 ,3002 ,4381 ,324044 ,216117 ,372381 ,245 ,3725 ,912542 ,84 
2023/2/24,Fri,peak,,165 ,30 ,61 ,5552 ,1872 ,4101 ,916103 ,56168 ,250147 ,256 ,4775 ,1222418 ,88 
2023/2/25,Sat,holiday,,193 ,26 ,10 ,10304 ,6022 ,2497 ,1988580 ,156579 ,24974 ,229 ,9477 ,2170134 ,79 
2023/2/26,Sun,holiday,,224 ,24 ,10 ,12000 ,6440 ,3013 ,2688084 ,154558 ,30126 ,258 ,11135 ,2872768 ,89 
2023/2/27,Mon,holiday,,259 ,3 ,15 ,9574 ,8131 ,2846 ,2479562 ,24394 ,42692 ,277 ,9194 ,2546648 ,95 
2023/2/28,Tue,peak,,60 ,10 ,20 ,4975 ,3352 ,2594 ,298522 ,33521 ,51877 ,90 ,4266 ,383920 ,31 
2023/3/1,Wed,weekday,,54 ,62 ,33 ,3542 ,1223 ,2793 ,191279 ,75845 ,92183 ,149 ,2411 ,359307 ,51 
2023/3/2,Thu,weekday,,55 ,132 ,40 ,4100 ,2274 ,1878 ,225523 ,300223 ,75103 ,227 ,2647 ,600848 ,78 
2023/3/3,Fri,peak,,164 ,55 ,22 ,5662 ,1508 ,1765 ,928585 ,82951 ,38822 ,241 ,4358 ,1050359 ,83 
2023/3/4,Sat,peak,,200 ,25 ,16 ,9204 ,5487 ,2322 ,1840840 ,137184 ,37144 ,241 ,8362 ,2015168 ,83 
2023/3/5,Sun,peak,,111 ,26 ,27 ,4516 ,1483 ,2190 ,501250 ,38568 ,59118 ,164 ,3652 ,598935 ,56 
2023/3/6,Mon,weekday,,63 ,102 ,47 ,4421 ,1396 ,2283 ,278554 ,142380 ,107289 ,212 ,2492 ,528223 ,73 
2023/3/7,Tue,weekday,,62 ,84 ,49 ,3544 ,2075 ,2542 ,219737 ,174265 ,124555 ,195 ,2659 ,518557 ,67 
2023/3/8,Wed,weekday,,39 ,148 ,58 ,5485 ,2358 ,2835 ,213924 ,348912 ,164449 ,245 ,2969 ,727285 ,84 
2023/3/9,Thu,weekday,,49 ,148 ,31 ,5184 ,2788 ,2089 ,254034 ,412584 ,64752 ,228 ,3208 ,731369 ,79 
2023/3/10,Fri,peak,,162 ,12 ,22 ,5688 ,2825 ,3041 ,921410 ,33903 ,66902 ,196 ,5215 ,1022215 ,68 
2023/3/11,Sat,peak,,154 ,51 ,19 ,7517 ,7419 ,3530 ,1157612 ,378359 ,67063 ,224 ,7156 ,1603034 ,77 
2023/3/12,Sun,peak,,107 ,88 ,24 ,5838 ,2895 ,2648 ,624710 ,254791 ,63557 ,219 ,4306 ,943058 ,75 
2023/3/13,Mon,weekday,,106 ,23 ,40 ,3216 ,1532 ,2514 ,340895 ,35235 ,100562 ,169 ,2821 ,476692 ,58 
2023/3/14,Tue,weekday,,65 ,42 ,61 ,3672 ,1695 ,3177 ,238691 ,71174 ,193784 ,168 ,2998 ,503650 ,58 
2023/3/15,Wed,weekday,,55 ,30 ,41 ,3953 ,1758 ,2660 ,217406 ,52742 ,109080 ,126 ,3010 ,379229 ,43 
2023/3/16,Thu,weekday,,64 ,112 ,36 ,5138 ,1794 ,3156 ,328857 ,200956 ,113614 ,212 ,3035 ,643427 ,73 
2023/3/17,Fri,peak,,161 ,41 ,23 ,5661 ,2558 ,2318 ,911495 ,104871 ,53317 ,225 ,4754 ,1069683 ,78 
2023/3/18,Sat,peak,,225 ,14 ,16 ,8023 ,6677 ,1594 ,1805221 ,93484 ,25500 ,255 ,7546 ,1924204 ,88 
2023/3/19,Sun,peak,,154 ,13 ,19 ,4476 ,2642 ,2121 ,689242 ,34347 ,40293 ,186 ,4107 ,763883 ,64 
2023/3/20,Mon,weekday,,66 ,133 ,30 ,3930 ,2005 ,2251 ,259349 ,266715 ,67537 ,229 ,2592 ,593600 ,79 
2023/3/21,Tue,weekday,,54 ,19 ,44 ,3196 ,2744 ,2385 ,172563 ,52135 ,104928 ,117 ,2817 ,329626 ,40 
2023/3/22,Wed,weekday,,87 ,52 ,33 ,4514 ,2215 ,2037 ,392754 ,115202 ,67217 ,172 ,3344 ,575174 ,59 
2023/3/23,Thu,weekday,,82 ,75 ,36 ,4185 ,2357 ,2239 ,343200 ,176805 ,80595 ,193 ,3112 ,600600 ,66 
2023/3/24,Fri,peak,neg,170 ,1 ,19 ,4925 ,3446 ,2118 ,837189 ,3446 ,40236 ,190 ,4636 ,880871 ,65 
2023/3/25,Sat,peak,neg,131 ,34 ,11 ,7927 ,3876 ,1649 ,1038466 ,131780 ,18144 ,176 ,6752 ,1188389 ,61 
2023/3/26,Sun,peak,,152 ,30 ,12 ,6109 ,5066 ,1624 ,928560 ,151993 ,19487 ,194 ,5670 ,1100040 ,67 
2023/3/27,Mon,weekday,,81 ,2 ,25 ,4759 ,1943 ,2446 ,385443 ,3885 ,61143 ,108 ,4171 ,450471 ,37 
2023/3/28,Tue,weekday,,86 ,14 ,28 ,4287 ,3525 ,2488 ,368686 ,49351 ,69652 ,128 ,3810 ,487688 ,44 
2023/3/29,Wed,weekday,,54 ,119 ,30 ,3316 ,3009 ,2122 ,179081 ,358087 ,63657 ,203 ,2960 ,600825 ,70 
2023/3/30,Thu,weekday,,73 ,81 ,21 ,3877 ,2435 ,2251 ,283023 ,197207 ,47280 ,175 ,3014 ,527510 ,60 
2023/3/31,Fri,peak,,164 ,22 ,10 ,6223 ,2282 ,2103 ,1020585 ,50209 ,21034 ,196 ,5571 ,1091828 ,68 
2023/4/1,Sat,holiday,,195 ,8 ,3 ,10772 ,9429 ,2104 ,2100489 ,75431 ,6313 ,206 ,10593 ,2182234 ,71 
2023/4/2,Sun,holiday,,261 ,9 ,5 ,11351 ,7613 ,1951 ,2962738 ,68514 ,9754 ,275 ,11058 ,3041006 ,95 
2023/4/3,Mon,holiday,,211 ,13 ,5 ,11300 ,6401 ,2626 ,2384342 ,83219 ,13130 ,229 ,10833 ,2480692 ,79 
2023/4/4,Tue,holiday,,188 ,20 ,5 ,10865 ,4846 ,2032 ,2042655 ,96921 ,10159 ,213 ,10093 ,2149735 ,73 
2023/4/5,Wed,peak,,128 ,1 ,8 ,5645 ,6632 ,1641 ,722544 ,6632 ,13126 ,137 ,5418 ,742302 ,47 
2023/4/6,Thu,weekday,,199 ,49 ,13 ,5013 ,2931 ,2574 ,997578 ,143613 ,33464 ,261 ,4501 ,1174656 ,90 
2023/4/7,Fri,peak,,172 ,28 ,11 ,5670 ,3247 ,2385 ,975288 ,90918 ,26238 ,211 ,5177 ,1092444 ,73 
2023/4/8,Sat,peak,,131 ,38 ,5 ,9972 ,5974 ,2160 ,1306385 ,227011 ,10802 ,174 ,8875 ,1544198 ,60 
2023/4/9,Sun,peak,,119 ,5 ,47 ,5879 ,3027 ,3462 ,699660 ,15136 ,162698 ,171 ,5132 ,877494 ,59 
2023/4/10,Mon,weekday,,56 ,4 ,170 ,4733 ,1717 ,3831 ,265057 ,6869 ,651215 ,230 ,4014 ,923141 ,79 
2023/4/11,Tue,weekday,,29 ,1 ,205 ,4667 ,1393 ,3103 ,135351 ,1393 ,636106 ,235 ,3289 ,772850 ,81 
2023/4/12,Wed,weekday,,59 ,156 ,50 ,5140 ,2021 ,1879 ,303267 ,315353 ,93954 ,265 ,2689 ,712574 ,91 
2023/4/13,Thu,weekday,,77 ,134 ,41 ,3928 ,2218 ,1861 ,302472 ,297159 ,76298 ,252 ,2682 ,675929 ,87 
2023/4/14,Fri,peak,,195 ,10 ,13 ,4200 ,1383 ,1819 ,818971 ,13826 ,23650 ,218 ,3929 ,856447 ,75 
2023/4/15,Sat,peak,,126 ,78 ,8 ,10404 ,5492 ,2207 ,1310874 ,428391 ,17656 ,212 ,8287 ,1756920 ,73 
2023/4/16,Sun,peak,,93 ,58 ,18 ,6788 ,2552 ,2733 ,631305 ,148028 ,49186 ,169 ,4902 ,828519 ,58 
2023/4/17,Mon,weekday,,91 ,84 ,45 ,4303 ,1681 ,2880 ,391593 ,141193 ,129582 ,220 ,3011 ,662368 ,76 
2023/4/18,Tue,weekday,,82 ,80 ,47 ,3681 ,1770 ,2022 ,301844 ,141595 ,95019 ,209 ,2576 ,538458 ,72 
2023/4/19,Wed,weekday,,70 ,127 ,45 ,4744 ,2630 ,2749 ,332056 ,333959 ,123720 ,242 ,3263 ,789735 ,83 
2023/4/20,Thu,weekday,,125 ,25 ,34 ,3615 ,3393 ,3047 ,451837 ,84817 ,103582 ,184 ,3480 ,640236 ,63 
2023/4/21,Fri,peak,,159 ,51 ,11 ,5358 ,2267 ,2133 ,851873 ,115610 ,23460 ,221 ,4484 ,990943 ,76 
2023/4/22,Sat,peak,,146 ,55 ,21 ,10161 ,5281 ,3506 ,1483473 ,290448 ,73616 ,222 ,8322 ,1847537 ,76 
2023/4/23,Sun,peak,,114 ,105 ,21 ,5671 ,2131 ,3385 ,646482 ,223763 ,71075 ,240 ,3922 ,941320 ,83 
2023/4/24,Mon,weekday,,101 ,49 ,69 ,4509 ,2284 ,4008 ,455450 ,111927 ,276522 ,219 ,3853 ,843900 ,75 
2023/4/25,Tue,weekday,,98 ,96 ,37 ,4857 ,1995 ,2531 ,475977 ,191503 ,93635 ,231 ,3295 ,761115 ,80 
2023/4/26,Wed,weekday,,111 ,53 ,43 ,3547 ,2569 ,2361 ,393689 ,136157 ,101513 ,207 ,3050 ,631359 ,71 
2023/4/27,Thu,weekday,,128 ,80 ,30 ,5104 ,2144 ,2477 ,653356 ,171556 ,74296 ,238 ,3778 ,899208 ,82 
2023/4/28,Fri,peak,,128 ,61 ,21 ,4774 ,3185 ,2311 ,611131 ,194267 ,48535 ,210 ,4066 ,853933 ,72 
2023/4/29,Sat,peak,,191 ,22 ,21 ,10138 ,5056 ,6010 ,1936264 ,111243 ,126207 ,234 ,9289 ,2173713 ,81 
2023/4/30,Sun,peak,,265 ,5 ,12 ,10799 ,7340 ,2022 ,2861712 ,36701 ,24260 ,282 ,10364 ,2922673 ,97 
2023/5/1,Mon,peak,,109 ,10 ,13 ,6071 ,2099 ,2259 ,661721 ,20988 ,29371 ,132 ,5395 ,712080 ,45 
2023/5/2,Tue,weekday,,97 ,10 ,32 ,4212 ,2425 ,2165 ,408529 ,24251 ,69282 ,139 ,3612 ,502062 ,48 
2023/5/3,Wed,weekday,,76 ,1 ,30 ,4750 ,4382 ,2696 ,360968 ,4382 ,80868 ,107 ,4170 ,446218 ,37 
2023/5/4,Thu,weekday,,83 ,21 ,30 ,4273 ,2830 ,2381 ,354626 ,59428 ,71436 ,134 ,3623 ,485489 ,46 
2023/5/5,Fri,peak,,97 ,67 ,19 ,6038 ,1995 ,2511 ,585728 ,133679 ,47700 ,183 ,4192 ,767107 ,63 
2023/5/6,Sat,peak,,132 ,52 ,23 ,9834 ,5369 ,2969 ,1298082 ,279174 ,68281 ,207 ,7949 ,1645537 ,71 
2023/5/7,Sun,peak,,157 ,64 ,47 ,6869 ,3887 ,2741 ,1078490 ,248761 ,128817 ,268 ,5433 ,1456067 ,92 
2023/5/8,Mon,weekday,,63 ,43 ,59 ,3600 ,2100 ,2438 ,226809 ,90292 ,143869 ,165 ,2794 ,460970 ,57 
2023/5/9,Tue,weekday,,55 ,38 ,49 ,4606 ,2350 ,2063 ,253308 ,89287 ,101067 ,142 ,3124 ,443662 ,49 
2023/5/10,Wed,weekday,,91 ,7 ,64 ,3722 ,3475 ,2617 ,338715 ,24323 ,167502 ,162 ,3275 ,530540 ,56 
2023/5/11,Thu,weekday,,90 ,17 ,60 ,3314 ,2488 ,2220 ,298235 ,42298 ,133210 ,167 ,2837 ,473743 ,58 
2023/5/12,Fri,peak,,171 ,14 ,32 ,6494 ,2452 ,2141 ,1110469 ,34327 ,68512 ,217 ,5591 ,1213307 ,75 
2023/5/13,Sat,peak,,203 ,10 ,22 ,9635 ,5875 ,3402 ,1955917 ,58750 ,74851 ,235 ,8892 ,2089518 ,81 
2023/5/14,Sun,peak,,108 ,16 ,24 ,5767 ,2904 ,3422 ,622874 ,46458 ,82122 ,148 ,5077 ,751455 ,51 
2023/5/15,Mon,weekday,,91 ,14 ,140 ,4876 ,2368 ,2471 ,443750 ,33146 ,345917 ,245 ,3358 ,822812 ,84 
2023/5/16,Tue,weekday,,65 ,15 ,37 ,4046 ,2460 ,2263 ,262994 ,36902 ,83735 ,117 ,3279 ,383632 ,40 
2023/5/17,Wed,weekday,,43 ,52 ,44 ,3280 ,2836 ,2910 ,141019 ,147488 ,128040 ,139 ,2997 ,416547 ,48 
2023/5/18,Thu,weekday,,95 ,83 ,37 ,3788 ,2399 ,2595 ,359871 ,199121 ,96005 ,215 ,3046 ,654997 ,74 
2023/5/19,Fri,peak,,172 ,11 ,22 ,4344 ,2658 ,2768 ,747090 ,29233 ,60888 ,205 ,4084 ,837210 ,71 
2023/5/20,Sat,peak,,159 ,38 ,16 ,10431 ,6072 ,3492 ,1658519 ,230728 ,55875 ,213 ,9132 ,1945122 ,73 
2023/5/21,Sun,peak,,138 ,74 ,26 ,6920 ,2233 ,2564 ,954893 ,165278 ,66660 ,238 ,4987 ,1186832 ,82 
2023/5/22,Mon,weekday,,102 ,27 ,37 ,4695 ,2408 ,3053 ,478913 ,65022 ,112975 ,166 ,3957 ,656910 ,57 
2023/5/23,Tue,weekday,,78 ,6 ,37 ,3624 ,2166 ,2459 ,282707 ,12994 ,91001 ,121 ,3196 ,386702 ,42 
2023/5/24,Wed,weekday,,68 ,68 ,49 ,3601 ,2288 ,3060 ,244892 ,155560 ,149932 ,185 ,2975 ,550384 ,64 
2023/5/25,Thu,weekday,,66 ,84 ,55 ,4515 ,2165 ,3177 ,297986 ,181862 ,174708 ,205 ,3193 ,654556 ,71 
2023/5/26,Fri,peak,,157 ,30 ,21 ,5424 ,2907 ,1979 ,851600 ,87205 ,41549 ,208 ,4713 ,980354 ,72 
2023/5/27,Sat,peak,,202 ,46 ,26 ,9516 ,6720 ,2675 ,1922252 ,309115 ,69543 ,274 ,8397 ,2300910 ,94 
2023/5/28,Sun,peak,,121 ,40 ,28 ,4817 ,2171 ,2123 ,582884 ,86830 ,59443 ,189 ,3858 ,729157 ,65 
2023/5/29,Mon,weekday,,79 ,52 ,41 ,4087 ,1589 ,2944 ,322839 ,82641 ,120705 ,172 ,3059 ,526185 ,59 
2023/5/30,Tue,weekday,,69 ,3 ,31 ,4293 ,1515 ,2855 ,296244 ,4545 ,88498 ,103 ,3779 ,389287 ,35 
2023/5/31,Wed,weekday,,59 ,70 ,28 ,4276 ,2339 ,3297 ,252302 ,163750 ,92317 ,157 ,3238 ,508369 ,54 
2023/6/1,Thu,weekday,,67 ,101 ,29 ,4560 ,2563 ,2535 ,305551 ,258864 ,73509 ,197 ,3238 ,637924 ,68 
2023/6/2,Fri,peak,,165 ,39 ,19 ,4808 ,2858 ,3809 ,793303 ,111459 ,72363 ,223 ,4382 ,977126 ,77 
2023/6/3,Sat,peak,,178 ,29 ,13 ,10196 ,5319 ,3836 ,1814803 ,154253 ,49864 ,220 ,9177 ,2018920 ,76 
2023/6/4,Sun,peak,,176 ,11 ,24 ,5774 ,2436 ,3526 ,1016148 ,26793 ,84619 ,211 ,5344 ,1127559 ,73 
2023/6/5,Mon,weekday,,90 ,45 ,28 ,3345 ,1499 ,3120 ,301061 ,67477 ,87367 ,163 ,2797 ,455905 ,56 
2023/6/6,Tue,weekday,,52 ,76 ,37 ,4355 ,1915 ,2752 ,226444 ,145547 ,101821 ,165 ,2872 ,473812 ,57 
2023/6/7,Wed,weekday,,84 ,10 ,33 ,4175 ,2687 ,2403 ,350681 ,26870 ,79311 ,127 ,3597 ,456863 ,44 
2023/6/8,Thu,weekday,,113 ,39 ,28 ,4474 ,2551 ,2672 ,505588 ,99475 ,74828 ,180 ,3777 ,679891 ,62 
2023/6/9,Fri,peak,,201 ,38 ,12 ,6372 ,3590 ,3378 ,1280687 ,136403 ,40539 ,251 ,5807 ,1457629 ,86 
2023/6/10,Sat,peak,,203 ,71 ,8 ,11471 ,6780 ,3403 ,2328659 ,481397 ,27222 ,282 ,10061 ,2837278 ,97 
2023/6/11,Sun,peak,,159 ,39 ,12 ,7139 ,2469 ,3142 ,1135051 ,96282 ,37704 ,210 ,6043 ,1269036 ,72 
2023/6/12,Mon,weekday,,137 ,27 ,23 ,3525 ,2114 ,3021 ,482887 ,57081 ,69477 ,187 ,3259 ,609445 ,64 
2023/6/13,Tue,weekday,,91 ,58 ,35 ,3326 ,2602 ,2098 ,302700 ,150931 ,73446 ,184 ,2865 ,527078 ,63 
2023/6/14,Wed,weekday,,92 ,13 ,27 ,4489 ,2109 ,1928 ,412989 ,27417 ,52056 ,132 ,3731 ,492462 ,45 
2023/6/15,Thu,weekday,,106 ,14 ,29 ,4816 ,2669 ,2719 ,510504 ,37369 ,78842 ,149 ,4206 ,626714 ,51 
2023/6/16,Fri,peak,neg,208 ,24 ,15 ,4677 ,3565 ,2971 ,972742 ,85562 ,44572 ,247 ,4465 ,1102876 ,85 
2023/6/17,Sat,peak,neg,163 ,66 ,15 ,7054 ,2989 ,2625 ,1149839 ,197275 ,39370 ,244 ,5682 ,1386483 ,84 
2023/6/18,Sun,peak,,186 ,36 ,22 ,5259 ,3113 ,2291 ,978218 ,112073 ,50399 ,244 ,4675 ,1140690 ,84 
2023/6/19,Mon,weekday,,165 ,1 ,33 ,4340 ,2940 ,2308 ,716151 ,2940 ,76164 ,199 ,3996 ,795255 ,69 
2023/6/20,Tue,weekday,,145 ,27 ,18 ,3338 ,2229 ,2427 ,483971 ,60183 ,43690 ,190 ,3094 ,587844 ,65 
2023/6/21,Wed,peak,,232 ,4 ,23 ,4514 ,4790 ,3006 ,1047191 ,19162 ,69141 ,259 ,4384 ,1135494 ,89 
2023/6/22,Thu,holiday,,174 ,13 ,22 ,12851 ,4953 ,2121 ,2236099 ,64393 ,46667 ,209 ,11230 ,2347160 ,72 
2023/6/23,Fri,holiday,,200 ,15 ,14 ,9384 ,5119 ,2848 ,1876900 ,76781 ,39878 ,229 ,8705 ,1993559 ,79 
2023/6/24,Sat,holiday,,175 ,5 ,12 ,9703 ,7865 ,2796 ,1697994 ,39326 ,33557 ,192 ,9223 ,1770877 ,66 
2023/6/25,Sun,peak,,216 ,17 ,18 ,6786 ,1263 ,3599 ,1465842 ,21469 ,64790 ,251 ,6184 ,1552101 ,86 
2023/6/26,Mon,weekday,,151 ,83 ,32 ,5148 ,2304 ,2963 ,777384 ,191251 ,94830 ,266 ,3998 ,1063465 ,92 
2023/6/27,Tue,weekday,,118 ,91 ,39 ,4079 ,2003 ,4510 ,481317 ,182239 ,175871 ,248 ,3385 ,839427 ,85 
2023/6/28,Wed,weekday,,121 ,20 ,36 ,3843 ,3312 ,3053 ,464973 ,66240 ,109921 ,177 ,3622 ,641134 ,61 
2023/6/29,Thu,weekday,,170 ,29 ,35 ,5018 ,1764 ,2189 ,853005 ,51154 ,76631 ,234 ,4191 ,980790 ,81 
2023/6/30,Fri,peak,,236 ,12 ,17 ,5434 ,1957 ,2651 ,1282438 ,23482 ,45067 ,265 ,5098 ,1350988 ,91 
2023/7/1,Sat,peak,,174 ,18 ,12 ,11652 ,7984 ,2864 ,2027456 ,143720 ,34362 ,204 ,10811 ,2205538 ,70 
2023/7/2,Sun,peak,,212 ,28 ,26 ,6293 ,3496 ,3061 ,1334066 ,97886 ,79595 ,266 ,5683 ,1511547 ,92 
2023/7/3,Mon,peak,,216 ,1 ,29 ,5988 ,3546 ,2081 ,1293312 ,3546 ,60345 ,246 ,5517 ,1357203 ,85 
2023/7/4,Tue,weekday,,187 ,10 ,37 ,4050 ,3213 ,2451 ,757413 ,32131 ,90688 ,234 ,3762 ,880232 ,81 
2023/7/5,Wed,weekday,,160 ,9 ,39 ,4646 ,2059 ,1568 ,743333 ,18528 ,61158 ,208 ,3957 ,823018 ,72 
2023/7/6,Thu,weekday,,137 ,20 ,32 ,5911 ,1940 ,750 ,809866 ,38805 ,24008 ,189 ,4617 ,872680 ,65 
2023/7/7,Fri,weekday,,218 ,11 ,34 ,5210 ,4477 ,2114 ,1135856 ,49251 ,71882 ,263 ,4779 ,1256989 ,91 
2023/7/8,Sat,peak,,208 ,33 ,34 ,7978 ,4801 ,2625 ,1659464 ,158428 ,89257 ,275 ,6935 ,1907149 ,95 
2023/7/9,Sun,peak,,183 ,14 ,38 ,7327 ,4616 ,3015 ,1340794 ,64627 ,114560 ,235 ,6468 ,1519982 ,81 
2023/7/10,Mon,peak,,205 ,19 ,47 ,4568 ,2123 ,2425 ,936540 ,40344 ,113959 ,271 ,4025 ,1090843 ,93 
2023/7/11,Tue,weekday,,148 ,0 ,46 ,4110 ,0 ,2342 ,608213 ,0 ,107716 ,194 ,3690 ,715929 ,67 
2023/7/12,Wed,weekday,,145 ,51 ,56 ,4105 ,3629 ,1737 ,595240 ,185062 ,97251 ,252 ,3482 ,877552 ,87 
2023/7/13,Thu,weekday,,136 ,88 ,43 ,6435 ,2656 ,1756 ,875181 ,233705 ,75528 ,267 ,4436 ,1184414 ,92 
2023/7/14,Fri,weekday,,158 ,27 ,33 ,7410 ,2777 ,2134 ,1170792 ,74979 ,70408 ,218 ,6038 ,1316179 ,75 
2023/7/15,Sat,peak,,175 ,29 ,21 ,9170 ,8341 ,2510 ,1604696 ,241898 ,52715 ,225 ,8441 ,1899309 ,78 
2023/7/16,Sun,peak,,156 ,13 ,21 ,5491 ,4030 ,1720 ,856651 ,52394 ,36120 ,190 ,4975 ,945166 ,65 
2023/7/17,Mon,peak,,143 ,26 ,27 ,4714 ,2977 ,2043 ,674121 ,77412 ,55152 ,196 ,4116 ,806685 ,68 
2023/7/18,Tue,weekday,,169 ,6 ,38 ,5187 ,3981 ,2216 ,876683 ,23889 ,84193 ,213 ,4623 ,984765 ,73 
2023/7/19,Wed,weekday,,185 ,15 ,33 ,4976 ,3225 ,2849 ,920564 ,48371 ,94013 ,233 ,4562 ,1062948 ,80 
2023/7/20,Thu,weekday,,118 ,37 ,36 ,6627 ,2706 ,2144 ,781987 ,100126 ,77170 ,191 ,5022 ,959282 ,66 
2023/7/21,Fri,weekday,,128 ,69 ,26 ,7783 ,2345 ,2929 ,996199 ,161789 ,76163 ,223 ,5534 ,1234151 ,77 
2023/7/22,Sat,peak,,241 ,13 ,21 ,9237 ,7246 ,2586 ,2226006 ,94201 ,54309 ,275 ,8635 ,2374516 ,95 
2023/7/23,Sun,peak,,150 ,48 ,22 ,6346 ,2601 ,2449 ,951940 ,124826 ,53878 ,220 ,5139 ,1130645 ,76 
2023/7/24,Mon,peak,,176 ,23 ,36 ,5246 ,4556 ,2134 ,923244 ,104786 ,76808 ,235 ,4701 ,1104838 ,81 
2023/7/25,Tue,weekday,,182 ,3 ,36 ,5861 ,5391 ,2026 ,1066744 ,16173 ,72919 ,221 ,5230 ,1155836 ,76 
2023/7/26,Wed,weekday,,168 ,17 ,44 ,6446 ,3563 ,2921 ,1082956 ,60565 ,128537 ,229 ,5555 ,1272058 ,79 
2023/7/27,Thu,weekday,,200 ,2 ,37 ,5851 ,3303 ,2667 ,1170232 ,6606 ,98690 ,239 ,5337 ,1275529 ,82 
2023/7/28,Fri,weekday,,167 ,16 ,37 ,6832 ,5213 ,2796 ,1140965 ,83409 ,103445 ,220 ,6036 ,1327820 ,76 
2023/7/29,Sat,peak,,211 ,37 ,23 ,11632 ,12915 ,2018 ,2454399 ,477859 ,46403 ,271 ,10991 ,2978661 ,93 
2023/7/30,Sun,peak,,200 ,22 ,31 ,7939 ,3854 ,2762 ,1587819 ,84787 ,85621 ,253 ,6950 ,1758227 ,87 
2023/7/31,Mon,peak,,167 ,22 ,31 ,6199 ,2628 ,2072 ,1035234 ,57823 ,64217 ,220 ,5260 ,1157274 ,76 
2023/8/1,Tue,weekday,,166 ,3 ,67 ,5522 ,3718 ,2066 ,916731 ,11155 ,138439 ,236 ,4518 ,1066326 ,81 
2023/8/2,Wed,weekday,,158 ,17 ,41 ,5905 ,3311 ,2769 ,932947 ,56295 ,113526 ,216 ,5105 ,1102768 ,74 
2023/8/3,Thu,weekday,,178 ,52 ,50 ,5606 ,3832 ,2802 ,997864 ,199245 ,140083 ,280 ,4776 ,1337191 ,96 
2023/8/4,Fri,weekday,,199 ,15 ,38 ,5859 ,3320 ,1871 ,1165857 ,49794 ,71095 ,252 ,5106 ,1286747 ,87 
2023/8/5,Sat,peak,,215 ,31 ,25 ,10230 ,7510 ,1778 ,2199445 ,232825 ,44440 ,271 ,9139 ,2476710 ,93 
2023/8/6,Sun,peak,,197 ,24 ,38 ,8324 ,3863 ,2526 ,1639819 ,92712 ,96000 ,259 ,7060 ,1828531 ,89 
2023/8/7,Mon,peak,,199 ,4 ,48 ,6171 ,5772 ,2433 ,1228043 ,23088 ,116794 ,251 ,5450 ,1367925 ,86 
2023/8/8,Tue,weekday,,157 ,6 ,52 ,4485 ,4410 ,2616 ,704152 ,26461 ,136034 ,215 ,4031 ,866648 ,74 
2023/8/9,Wed,weekday,,105 ,57 ,50 ,5509 ,2100 ,3001 ,578426 ,119693 ,150069 ,212 ,4001 ,848188 ,73 
2023/8/10,Thu,weekday,,134 ,29 ,41 ,5375 ,2220 ,2952 ,720236 ,64393 ,121048 ,204 ,4440 ,905676 ,70 
2023/8/11,Fri,weekday,,243 ,4 ,35 ,6874 ,6290 ,2817 ,1670379 ,25160 ,98582 ,282 ,6362 ,1794121 ,97 
2023/8/12,Sat,peak,,224 ,12 ,49 ,10847 ,7175 ,5780 ,2429760 ,86099 ,283206 ,285 ,9821 ,2799064 ,98 
2023/8/13,Sun,peak,,145 ,30 ,40 ,8219 ,3585 ,2588 ,1191720 ,107541 ,103537 ,215 ,6525 ,1402798 ,74 
2023/8/14,Mon,peak,,162 ,41 ,40 ,5833 ,2825 ,2547 ,944938 ,115838 ,101880 ,243 ,4785 ,1162657 ,84 
2023/8/15,Tue,weekday,,175 ,3 ,55 ,4322 ,5727 ,2486 ,756374 ,17182 ,136756 ,233 ,3907 ,910312 ,80 
2023/8/16,Wed,weekday,,141 ,35 ,54 ,5864 ,4132 ,2187 ,826780 ,144624 ,118076 ,230 ,4737 ,1089480 ,79 
2023/8/17,Thu,weekday,,126 ,11 ,86 ,5893 ,3678 ,3655 ,742528 ,40462 ,314353 ,223 ,4921 ,1097343 ,77 
2023/8/18,Fri,weekday,,210 ,6 ,26 ,6544 ,6437 ,2435 ,1374293 ,38622 ,63318 ,242 ,6100 ,1476233 ,83 
2023/8/19,Sat,peak,,250 ,8 ,22 ,10684 ,6289 ,2086 ,2671031 ,50309 ,45898 ,280 ,9883 ,2767238 ,96 
2023/8/20,Sun,peak,,223 ,16 ,33 ,8123 ,3765 ,2552 ,1811479 ,60237 ,84205 ,272 ,7191 ,1955921 ,94 
2023/8/21,Mon,peak,,142 ,54 ,50 ,6025 ,2516 ,2858 ,855507 ,135868 ,142896 ,246 ,4611 ,1134271 ,85 
2023/8/22,Tue,weekday,,193 ,6 ,35 ,5517 ,4237 ,2911 ,1064747 ,25420 ,101870 ,234 ,5094 ,1192037 ,81 
2023/8/23,Wed,weekday,,194 ,22 ,48 ,6012 ,2960 ,3016 ,1166399 ,65123 ,144776 ,264 ,5213 ,1376297 ,91 
2023/8/24,Thu,weekday,,213 ,19 ,33 ,5129 ,3470 ,2529 ,1092487 ,65929 ,83464 ,265 ,4686 ,1241879 ,91 
2023/8/25,Fri,weekday,,138 ,72 ,23 ,7977 ,4138 ,2784 ,1100777 ,297915 ,64041 ,233 ,6278 ,1462733 ,80 
2023/8/26,Sat,peak,,207 ,8 ,12 ,10760 ,8491 ,2616 ,2227229 ,67924 ,31398 ,227 ,10249 ,2326551 ,78 
2023/8/27,Sun,peak,,183 ,23 ,16 ,6998 ,3383 ,3004 ,1280551 ,77811 ,48072 ,222 ,6335 ,1406434 ,76 
2023/8/28,Mon,peak,,164 ,27 ,21 ,4896 ,1667 ,2373 ,802889 ,45009 ,49840 ,212 ,4235 ,897737 ,73 
2023/8/29,Tue,weekday,,84 ,1 ,39 ,3757 ,3393 ,2960 ,315587 ,3393 ,115453 ,124 ,3503 ,434433 ,43 
2023/8/30,Wed,weekday,,83 ,0 ,28 ,3983 ,0 ,2165 ,330565 ,0 ,60608 ,111 ,3524 ,391174 ,38 
2023/8/31,Thu,weekday,,125 ,6 ,19 ,4419 ,2383 ,2437 ,552322 ,14300 ,46297 ,150 ,4086 ,612919 ,52 
2023/9/1,Fri,peak,,192 ,37 ,13 ,4638 ,2665 ,2729 ,890448 ,98601 ,35473 ,242 ,4234 ,1024522 ,83 
2023/9/2,Sat,peak,,183 ,36 ,7 ,10117 ,8182 ,3014 ,1851391 ,294546 ,21098 ,226 ,9589 ,2167034 ,78 
2023/9/3,Sun,peak,,216 ,3 ,11 ,6216 ,6135 ,2682 ,1342705 ,18405 ,29497 ,230 ,6046 ,1390607 ,79 
2023/9/4,Mon,weekday,,118 ,14 ,21 ,4710 ,3314 ,2821 ,555791 ,46402 ,59243 ,153 ,4323 ,661436 ,53 
2023/9/5,Tue,weekday,,54 ,56 ,33 ,3462 ,2425 ,3008 ,186956 ,135811 ,99275 ,143 ,2951 ,422042 ,49 
2023/9/6,Wed,weekday,,66 ,172 ,23 ,3430 ,2099 ,2188 ,226412 ,361085 ,50323 ,261 ,2444 ,637820 ,90 
2023/9/7,Thu,weekday,,85 ,111 ,27 ,4108 ,2160 ,2761 ,349175 ,239799 ,74552 ,223 ,2975 ,663527 ,77 
2023/9/8,Fri,peak,,201 ,24 ,15 ,5954 ,4494 ,2146 ,1196810 ,107847 ,32185 ,240 ,5570 ,1336842 ,83 
2023/9/9,Sat,peak,,236 ,33 ,10 ,10289 ,6685 ,2334 ,2428288 ,220606 ,23341 ,279 ,9578 ,2672235 ,96 
2023/9/10,Sun,peak,,199 ,3 ,23 ,5564 ,6448 ,2239 ,1107242 ,19343 ,51500 ,225 ,5236 ,1178086 ,78 
2023/9/11,Mon,weekday,,58 ,16 ,38 ,2800 ,2566 ,2513 ,162374 ,41052 ,95508 ,112 ,2669 ,298934 ,39 
2023/9/12,Tue,weekday,,35 ,22 ,48 ,4167 ,1936 ,2823 ,145844 ,42584 ,135513 ,105 ,3085 ,323941 ,36 
2023/9/13,Wed,weekday,,39 ,90 ,34 ,3203 ,2817 ,2767 ,124909 ,253515 ,94068 ,163 ,2899 ,472492 ,56 
2023/9/14,Thu,weekday,,52 ,117 ,37 ,4840 ,2588 ,2232 ,251662 ,302811 ,82581 ,206 ,3092 ,637054 ,71 
2023/9/15,Fri,peak,,124 ,83 ,20 ,5522 ,4051 ,2740 ,684686 ,336226 ,54801 ,227 ,4739 ,1075712 ,78 
2023/9/16,Sat,peak,,187 ,42 ,13 ,10036 ,4153 ,2388 ,1876781 ,174437 ,31039 ,242 ,8604 ,2082257 ,83 
2023/9/17,Sun,peak,,138 ,100 ,22 ,5565 ,2372 ,2372 ,768013 ,237154 ,52193 ,260 ,4067 ,1057360 ,90 
2023/9/18,Mon,weekday,,45 ,111 ,78 ,4752 ,2446 ,3059 ,213835 ,271460 ,238616 ,234 ,3094 ,723911 ,81 
2023/9/19,Tue,weekday,,93 ,91 ,19 ,4213 ,2692 ,2816 ,391786 ,244939 ,53502 ,203 ,3400 ,690227 ,70 
2023/9/20,Wed,weekday,,90 ,83 ,22 ,3666 ,3013 ,1941 ,329974 ,250069 ,42705 ,195 ,3194 ,622748 ,67 
2023/9/21,Thu,weekday,,103 ,86 ,24 ,5164 ,2470 ,2489 ,531873 ,212462 ,59738 ,213 ,3775 ,804074 ,73 
2023/9/22,Fri,peak,neg,72 ,121 ,16 ,6678 ,2002 ,2117 ,480843 ,242279 ,33876 ,209 ,3622 ,756997 ,72 
2023/9/23,Sat,peak,neg,174 ,25 ,13 ,7689 ,3668 ,2711 ,1337939 ,91712 ,35239 ,212 ,6910 ,1464890 ,73 
2023/9/24,Sun,peak,,181 ,30 ,17 ,4902 ,2000 ,2495 ,887297 ,59993 ,42418 ,228 ,4341 ,989709 ,79 
2023/9/25,Mon,weekday,,76 ,13 ,166 ,4316 ,2306 ,4227 ,328027 ,29978 ,701711 ,255 ,4156 ,1059716 ,88 
2023/9/26,Tue,weekday,,86 ,82 ,34 ,3854 ,1852 ,2278 ,331468 ,151877 ,77436 ,202 ,2776 ,560781 ,70 
2023/9/27,Wed,weekday,,76 ,91 ,26 ,4087 ,2565 ,2229 ,310594 ,233406 ,57960 ,193 ,3119 ,601959 ,66 
2023/9/28,Thu,peak,,184 ,4 ,12 ,5933 ,5334 ,2971 ,1091750 ,21337 ,35654 ,200 ,5744 ,1148740 ,69 
2023/9/29,Fri,holiday,,219 ,19 ,8 ,11579 ,5543 ,2132 ,2535700 ,105323 ,17055 ,246 ,10805 ,2658078 ,85 
2023/9/30,Sat,holiday,,223 ,15 ,7 ,8970 ,7383 ,2735 ,2000403 ,110739 ,19147 ,245 ,8695 ,2130288 ,84 
2023/10/1,Sun,peak,,120 ,75 ,19 ,5641 ,2226 ,1953 ,676879 ,166945 ,37101 ,214 ,4116 ,880925 ,74 
2023/10/2,Mon,weekday,,93 ,68 ,22 ,3796 ,1764 ,2078 ,352989 ,119986 ,45714 ,183 ,2834 ,518688 ,63 
2023/10/3,Tue,weekday,neg,65 ,35 ,29 ,4022 ,1534 ,2294 ,261456 ,53681 ,66538 ,129 ,2959 ,381676 ,44 
2023/10/4,Wed,weekday,neg,74 ,84 ,34 ,4455 ,2348 ,1802 ,329675 ,197206 ,61253 ,192 ,3063 ,588134 ,66 
2023/10/5,Thu,weekday,,124 ,72 ,26 ,4484 ,2053 ,2471 ,556038 ,147809 ,64255 ,222 ,3460 ,768102 ,76 
2023/10/6,Fri,peak,,208 ,18 ,10 ,5351 ,4500 ,2674 ,1112942 ,80995 ,26737 ,236 ,5172 ,1220674 ,81 
2023/10/7,Sat,holiday,,247 ,6 ,6 ,11781 ,8628 ,1696 ,2909869 ,51771 ,10177 ,259 ,11474 ,2971817 ,89 
2023/10/8,Sun,holiday,,227 ,38 ,6 ,9727 ,7151 ,2568 ,2208000 ,271739 ,15409 ,271 ,9207 ,2495148 ,93 
2023/10/9,Mon,holiday,,210 ,7 ,6 ,8958 ,9163 ,2815 ,1881177 ,64139 ,16891 ,223 ,8799 ,1962208 ,77 
2023/10/10,Tue,peak,,63 ,1 ,14 ,5335 ,3739 ,2203 ,336135 ,3739 ,30842 ,78 ,4753 ,370716 ,27 
2023/10/11,Wed,weekday,,53 ,70 ,31 ,3305 ,2230 ,3170 ,175140 ,156110 ,98275 ,154 ,2789 ,429526 ,53 
2023/10/12,Thu,weekday,,93 ,67 ,35 ,3661 ,2566 ,3187 ,340448 ,171945 ,111556 ,195 ,3200 ,623949 ,67 
2023/10/13,Fri,peak,,59 ,7 ,172 ,4988 ,1768 ,4301 ,294287 ,12374 ,739811 ,238 ,4397 ,1046472 ,82 
2023/10/14,Sat,peak,,120 ,59 ,41 ,7630 ,5409 ,6084 ,915635 ,319158 ,249450 ,220 ,6747 ,1484243 ,76 
2023/10/15,Sun,peak,,186 ,41 ,44 ,4783 ,3751 ,2803 ,889688 ,153780 ,123343 ,271 ,4306 ,1166810 ,93 
2023/10/16,Mon,weekday,,65 ,100 ,45 ,4786 ,1961 ,2120 ,311109 ,196137 ,95409 ,210 ,2870 ,602655 ,72 
2023/10/17,Tue,weekday,,63 ,45 ,97 ,4944 ,2379 ,3934 ,311487 ,107035 ,381605 ,205 ,3903 ,800127 ,71 
2023/10/18,Wed,weekday,,71 ,87 ,58 ,3990 ,2664 ,2432 ,283269 ,231782 ,141071 ,216 ,3038 ,656122 ,74 
2023/10/19,Thu,weekday,,63 ,107 ,54 ,4947 ,2083 ,2138 ,311631 ,222894 ,115453 ,224 ,2902 ,649979 ,77 
2023/10/20,Fri,peak,,149 ,19 ,38 ,4683 ,3482 ,3042 ,697795 ,66152 ,115595 ,206 ,4270 ,879541 ,71 
2023/10/21,Sat,peak,,120 ,71 ,37 ,8408 ,4351 ,4712 ,1008914 ,308933 ,174339 ,228 ,6545 ,1492186 ,79 
2023/10/22,Sun,peak,,197 ,28 ,34 ,4728 ,2066 ,3307 ,931375 ,57841 ,112430 ,259 ,4253 ,1101647 ,89 
2023/10/23,Mon,weekday,,87 ,7 ,53 ,4355 ,2563 ,2533 ,378896 ,17938 ,134230 ,147 ,3613 ,531065 ,51 
2023/10/24,Tue,weekday,,67 ,66 ,47 ,3562 ,2083 ,2598 ,238680 ,137486 ,122128 ,180 ,2768 ,498295 ,62 
2023/10/25,Wed,weekday,,73 ,85 ,40 ,4004 ,1944 ,1955 ,292279 ,165207 ,78208 ,198 ,2706 ,535694 ,68 
2023/10/26,Thu,weekday,,79 ,145 ,37 ,4293 ,1917 ,2461 ,339158 ,278029 ,91057 ,261 ,2714 ,708244 ,90 
2023/10/27,Fri,peak,,165 ,41 ,47 ,6286 ,3688 ,4837 ,1037117 ,151199 ,227318 ,253 ,5595 ,1415635 ,87 
2023/10/28,Sat,peak,,139 ,38 ,49 ,7967 ,4813 ,5703 ,1107410 ,182912 ,279433 ,226 ,6946 ,1569755 ,78 
2023/10/29,Sun,peak,,121 ,64 ,30 ,5732 ,3689 ,3010 ,693544 ,236119 ,90302 ,215 ,4744 ,1019965 ,74 
2023/10/30,Mon,weekday,,66 ,95 ,45 ,4717 ,2933 ,2767 ,311350 ,278621 ,124515 ,206 ,3468 ,714487 ,71 
2023/10/31,Tue,weekday,,63 ,80 ,47 ,4415 ,2136 ,2135 ,278167 ,170915 ,100359 ,190 ,2892 ,549441 ,65 
2023/11/1,Wed,weekday,,50 ,121 ,46 ,4302 ,2242 ,2719 ,215104 ,271231 ,125093 ,217 ,2818 ,611428 ,75 
2023/11/2,Thu,weekday,,69 ,101 ,52 ,4295 ,2370 ,2231 ,296327 ,239408 ,116032 ,222 ,2936 ,651767 ,76 
2023/11/3,Fri,peak,,134 ,40 ,21 ,5258 ,3662 ,2541 ,704564 ,146484 ,53365 ,195 ,4638 ,904413 ,67 
2023/11/4,Sat,peak,,123 ,70 ,23 ,8290 ,8182 ,2069 ,1019654 ,572752 ,47587 ,216 ,7593 ,1639993 ,74 
2023/11/5,Sun,peak,,154 ,47 ,40 ,4382 ,1671 ,3296 ,674880 ,78556 ,131848 ,241 ,3673 ,885284 ,83 
2023/11/6,Mon,weekday,,69 ,1 ,194 ,5006 ,2144 ,4160 ,345389 ,2144 ,807014 ,264 ,4373 ,1154547 ,91 
2023/11/7,Tue,weekday,,69 ,68 ,84 ,3914 ,2211 ,2901 ,270087 ,150353 ,243656 ,221 ,3005 ,664096 ,76 
2023/11/8,Wed,weekday,,58 ,134 ,38 ,3202 ,2787 ,1966 ,185727 ,373466 ,74714 ,230 ,2756 ,633908 ,79 
2023/11/9,Thu,weekday,,67 ,132 ,41 ,3965 ,2064 ,2519 ,265650 ,272411 ,103269 ,240 ,2672 ,641330 ,83 
2023/11/10,Fri,peak,,143 ,47 ,29 ,5877 ,3049 ,3019 ,840340 ,143285 ,87556 ,219 ,4891 ,1071182 ,75 
2023/11/11,Sat,peak,,128 ,84 ,22 ,8613 ,6857 ,2653 ,1102408 ,575982 ,58376 ,234 ,7422 ,1736766 ,81 
2023/11/12,Sun,peak,,114 ,69 ,84 ,5586 ,1720 ,3399 ,636811 ,118711 ,285541 ,267 ,3899 ,1041063 ,92 
2023/11/13,Mon,weekday,,46 ,10 ,220 ,5135 ,2337 ,3251 ,236204 ,23367 ,715293 ,276 ,3532 ,974864 ,95 
2023/11/14,Tue,weekday,,13 ,2 ,267 ,6562 ,3903 ,3800 ,85312 ,7807 ,1014587 ,282 ,3928 ,1107706 ,97 
2023/11/15,Wed,weekday,,63 ,121 ,35 ,4471 ,2000 ,2607 ,281645 ,242014 ,91248 ,219 ,2808 ,614907 ,75 
2023/11/16,Thu,weekday,,55 ,145 ,35 ,4751 ,2121 ,2718 ,261301 ,307534 ,95135 ,235 ,2825 ,663970 ,81 
2023/11/17,Fri,peak,,193 ,37 ,26 ,5306 ,2390 ,1903 ,1024016 ,88442 ,49469 ,256 ,4539 ,1161927 ,88 
2023/11/18,Sat,peak,pos,175 ,47 ,28 ,11772 ,5975 ,2289 ,2060059 ,280821 ,64103 ,250 ,9620 ,2404983 ,86 
2023/11/19,Sun,peak,,134 ,73 ,32 ,7369 ,2719 ,2186 ,987461 ,198522 ,69965 ,239 ,5255 ,1255948 ,82 
2023/11/20,Mon,weekday,,99 ,33 ,38 ,4507 ,2563 ,2890 ,446156 ,84581 ,109830 ,170 ,3768 ,640567 ,59 
2023/11/21,Tue,weekday,,63 ,30 ,51 ,4141 ,2545 ,2448 ,260879 ,76345 ,124823 ,144 ,3209 ,462048 ,50 
2023/11/22,Wed,weekday,,69 ,63 ,48 ,3577 ,2040 ,907 ,246829 ,128548 ,43517 ,180 ,2327 ,418894 ,62 
2023/11/23,Thu,weekday,,61 ,156 ,32 ,3892 ,2547 ,2030 ,237411 ,397283 ,64947 ,249 ,2810 ,699641 ,86 
2023/11/24,Fri,peak,,222 ,18 ,18 ,5364 ,2906 ,3256 ,1190706 ,52300 ,58604 ,258 ,5045 ,1301610 ,89 
2023/11/25,Sat,peak,,178 ,52 ,17 ,9805 ,5374 ,2875 ,1745297 ,279452 ,48879 ,247 ,8395 ,2073628 ,85 
2023/11/26,Sun,peak,,177 ,21 ,34 ,6321 ,4093 ,2806 ,1118745 ,85962 ,95398 ,232 ,5604 ,1300105 ,80 
2023/11/27,Mon,weekday,,71 ,104 ,58 ,3473 ,1647 ,3127 ,246579 ,171305 ,181343 ,233 ,2572 ,599227 ,80 
2023/11/28,Tue,weekday,,49 ,62 ,55 ,4191 ,1757 ,3047 ,205374 ,108930 ,167570 ,166 ,2903 ,481874 ,57 
2023/11/29,Wed,weekday,,61 ,71 ,50 ,3921 ,2262 ,2831 ,239168 ,160585 ,141528 ,182 ,2974 ,541280 ,63 
2023/11/30,Thu,weekday,,67 ,84 ,46 ,5042 ,2744 ,2725 ,337827 ,230531 ,125350 ,197 ,3521 ,693709 ,68 
2023/12/1,Fri,peak,,122 ,70 ,31 ,5431 ,2816 ,2614 ,662552 ,197153 ,81023 ,223 ,4219 ,940728 ,77 
2023/12/2,Sat,peak,,216 ,48 ,24 ,9726 ,5967 ,2942 ,2100902 ,286434 ,70604 ,288 ,8535 ,2457940 ,99 
2023/12/3,Sun,peak,,171 ,62 ,38 ,5082 ,2830 ,2727 ,868967 ,175453 ,103637 ,271 ,4236 ,1148056 ,93 
2023/12/4,Mon,weekday,,54 ,111 ,46 ,4271 ,2297 ,2312 ,230637 ,255012 ,106352 ,211 ,2806 ,592001 ,73 
2023/12/5,Tue,weekday,,49 ,96 ,52 ,3426 ,1884 ,2134 ,167850 ,180888 ,110946 ,197 ,2333 ,459684 ,68 
2023/12/6,Wed,weekday,,40 ,165 ,48 ,4248 ,2081 ,2974 ,169900 ,343316 ,142734 ,253 ,2593 ,655950 ,87 
2023/12/7,Thu,weekday,,61 ,146 ,46 ,4932 ,2667 ,2144 ,300828 ,389425 ,98636 ,253 ,3118 ,788889 ,87 
2023/12/8,Fri,peak,,172 ,34 ,32 ,4941 ,3047 ,2529 ,849887 ,103603 ,80913 ,238 ,4346 ,1034403 ,82 
2023/12/9,Sat,peak,,170 ,42 ,22 ,8706 ,5883 ,2295 ,1480003 ,247103 ,50497 ,234 ,7597 ,1777602 ,81 
2023/12/10,Sun,peak,,150 ,35 ,35 ,5411 ,2950 ,2636 ,811673 ,103263 ,92269 ,220 ,4578 ,1007205 ,76 
2023/12/11,Mon,weekday,,59 ,135 ,48 ,5218 ,2354 ,2909 ,307861 ,317853 ,139629 ,242 ,3163 ,765342 ,83 
2023/12/12,Tue,weekday,,44 ,127 ,55 ,4270 ,1543 ,3050 ,187882 ,195968 ,167732 ,226 ,2441 ,551582 ,78 
2023/12/13,Wed,weekday,,70 ,68 ,51 ,4768 ,1790 ,2496 ,333766 ,121687 ,127295 ,189 ,3083 ,582747 ,65 
2023/12/14,Thu,weekday,,76 ,71 ,34 ,4646 ,2645 ,2318 ,353103 ,187770 ,78798 ,181 ,3424 ,619671 ,62 
2023/12/15,Fri,peak,,184 ,29 ,27 ,5983 ,2465 ,2815 ,1100901 ,71496 ,76018 ,240 ,5202 ,1248416 ,83 
2023/12/16,Sat,peak,,142 ,70 ,23 ,11235 ,5644 ,2355 ,1595325 ,395097 ,54170 ,235 ,8700 ,2044592 ,81 
2023/12/17,Sun,peak,,192 ,17 ,39 ,6330 ,3230 ,3879 ,1215364 ,54905 ,151294 ,248 ,5732 ,1421563 ,85 
2023/12/18,Mon,weekday,,94 ,18 ,49 ,5097 ,2428 ,3459 ,479134 ,43705 ,169486 ,161 ,4300 ,692325 ,55 
2023/12/19,Tue,weekday,,60 ,36 ,53 ,3301 ,2330 ,2477 ,198066 ,83888 ,131290 ,149 ,2773 ,413244 ,51 
2023/12/20,Wed,weekday,,55 ,139 ,45 ,3442 ,2004 ,2333 ,189332 ,278612 ,104981 ,239 ,2397 ,572926 ,82 
2023/12/21,Thu,weekday,,63 ,95 ,41 ,4652 ,2122 ,2052 ,293074 ,201600 ,84112 ,199 ,2908 ,578787 ,69 
2023/12/22,Fri,peak,,191 ,31 ,18 ,6396 ,1734 ,3008 ,1221553 ,53763 ,54139 ,240 ,5539 ,1329455 ,83 
2023/12/23,Sat,peak,,184 ,36 ,15 ,8553 ,5407 ,1911 ,1573808 ,194666 ,28668 ,235 ,7647 ,1797142 ,81 
2023/12/24,Sun,peak,,191 ,21 ,24 ,6222 ,2633 ,1762 ,1188391 ,55286 ,42282 ,236 ,5449 ,1285959 ,81 
2023/12/25,Mon,weekday,,136 ,14 ,25 ,5042 ,1677 ,2373 ,685650 ,23474 ,59313 ,175 ,4391 ,768437 ,60 
2023/12/26,Tue,weekday,,88 ,53 ,32 ,4853 ,1892 ,2038 ,427107 ,100298 ,65200 ,173 ,3425 ,592606 ,60 
2023/12/27,Wed,weekday,,73 ,126 ,28 ,4128 ,2863 ,3081 ,301310 ,360681 ,86272 ,227 ,3296 ,748264 ,78 
2023/12/28,Thu,weekday,,75 ,123 ,24 ,4379 ,2807 ,2675 ,328445 ,345229 ,64210 ,222 ,3324 ,737884 ,76 
2023/12/29,Fri,peak,,213 ,21 ,12 ,7099 ,17153 ,2207 ,1512071 ,360209 ,26489 ,246 ,7719 ,1898768 ,85 
2023/12/30,Sat,holiday,,245 ,7 ,11 ,11283 ,10557 ,1876 ,2764288 ,73897 ,20637 ,263 ,10870 ,2858822 ,91 
2023/12/31,Sun,holiday,,224 ,31 ,13 ,12937 ,5335 ,2005 ,2897809 ,165380 ,26059 ,268 ,11280 ,3089248 ,92 
